artikelnummer;name;kategorie;beschreibung;gebinde
PV20051;Polymer PYE PV 200 S 5 EN blaugrün;Abdichtung;Elastomerbitumen-Schweißbahn mit Polyestervlieseinlage nach DIN EN 13707/13969;5m Rolle
PV20050;Polymer PYE PV 200 S 5 talkumiert radondicht;Abdichtung;Elastomerbitumen-Schweißbahn radondicht;5m Rolle
TB146;DACO-KSU Kaltselbstklebende Ausgleichsbahn 3mm;Abdichtung;Kaltselbstklebende Bitumendichtungsbahn;1,00x7,5m
V60400;V 60 S 4 Bitumen-Schweißbahn Glasvlies 4mm;Abdichtung;nach DIN 13707/13969;5m Rolle
G20400;G 200 S 4 Bitumen-Schweißbahn Glasgewebe 4mm;Abdichtung;nach DIN 13707/13969;5m Rolle
AL01402;Aluminium Dampfsperr-Bitumen-Schweißbahn 4mm;Abdichtung;AL 01 + V 60 S 4;5m Rolle
353030.1;weber.tec 901 EUROLAN 3K 30L;Voranstrich;Bitumen-Emulsion als Voranstrich;30L Gebinde
353010.1;weber.tec 901 EUROLAN 3K 10L;Voranstrich;Bitumen-Emulsion als Voranstrich;10L Gebinde
353005.1;weber.tec 901 EUROLAN 3K 5L;Voranstrich;Bitumen-Emulsion als Voranstrich;5L Gebinde
V13100;Glasvlies-Bitumen-Dachbahn V 13 besandet;Dachbahn;nach DIN 13707/13969;10m Rolle
301202;KSK Kaltselbstklebende Bitumendichtungsbahn;Abdichtung;ganzjährig bis -5°C verarbeitbar, gegen Bodenfeuchte, 1m breit;15m Rolle
3011201;Primer KSK 10L;Voranstrich;Bitumen-Kautschuk-Voranstrich lösemittelfrei;10L Gebinde
3011205;Primer KSK 5L;Voranstrich;Bitumen-Kautschuk-Voranstrich lösemittelfrei;5L Gebinde
400025.1;Epasit-Mineral Dicht-plast Dichtschlämme 30kg;Dichtschlämme;Bauaufsichtlich zugelassen Z27.1-120;30kg Sack
430015.1;Epasit-SP-Schnellbinder 15kg;Schnellbinder;Schnellhärtender Montagezement, Verarbeitungszeit ca. 5 Min;15kg Eimer
430005.1;Epasit-SP-Schnellbinder 5kg;Schnellbinder;Schnellhärtender Montagezement;5kg Eimer
388043.6;weber.tec Bit-Spachtelmasse 6kg;Spachtelmasse;Lösemittelhaltige Bitumenspachtelmasse;6kg Eimer
388043.14;weber.tec Bit-Spachtelmasse 14kg;Spachtelmasse;Lösemittelhaltige Bitumenspachtelmasse;14kg Eimer
353110.2;weber.prim 900 Universalgrundierung 10L;Grundierung;Lösemittelfreie gebrauchsfertige Grundierung;10L Gebinde
353105.2;weber.prim 900 Universalgrundierung 5L;Grundierung;Lösemittelfreie gebrauchsfertige Grundierung;5L Gebinde
355045.1;weber.tec 915 Dickbeschichtung 30L;Dickbeschichtung;1-/2-komp. flexible Bitumen-Abdichtungsmasse;30L Gebinde
355045.2;weber.tec 915 Dickbeschichtung 10L;Dickbeschichtung;1-/2-komp. flexible Bitumen-Abdichtungsmasse;10L Gebinde
355030.1;weber.tec SUPERFLEX 2K 30L;Dickbeschichtung;Flexible radongasdichte 2-komp. Abdichtungsmasse;30L Gebinde
351030.1;weber.tec SUPERFLEX 10 30L;Dickbeschichtung;Hochflexible standfeste radongasdichte 2-komp. KMB;30L Gebinde
354220;weber.tec SUPERFLEX D24 24kg;Dickbeschichtung;Reaktivabdichtung bitumenfrei schnellabbindend;24kg Gebinde
355005.1;weber.tec SUPERFLEX D2 6kg;Dichtschlämme;Flex-Dichtschlämme 2-komp. hochflexibel;6kg Gebinde
355021.1;weber.tec SUPERFLEX D2 24kg;Dichtschlämme;Flex-Dichtschlämme 2-komp. hochflexibel;24kg Gebinde
355020.1;weber.tec 824 SUPERFLEX D1 20kg;Dichtschlämme;Flexible 1-komp. Dichtungsschlämme;20kg Sack
355023.1;weber.tec 930 Mineralische Dichtschlämme 25kg;Dichtschlämme;Für Trinkwasserbehälter, drückendes Wasser bis 15m;25kg Sack
355010.1;weber.tec 933 HKS-Spachtel Hohlkehlenmörtel 25kg;Mörtel;Wasserundurchlässig schwindkompensiert;25kg Sack
382114;weber.tec 935 CERINOL-STM Stopfmörtel 10kg;Mörtel;Schnelles Abdichten von Wassereinbrüchen;10kg Eimer
356013.1;weber.rep 760 CERINOL FIX Blitzzement 15kg;Schnellbinder;Chloridfreier extrem frühbelastbarer Schnellbindezement;15kg Eimer
381020;weber.tec 942 Cerinol BSP Bohrlochsuspension 20kg;Injektionsmörtel;Hochsulfatwiderstandsfähiger Bohrlochverfüllmörtel;20kg Sack
380005;weber.tec 940 E Horizontalsperre SMK 5L;Injektionsmittel;Silikonmikroemulsion gegen aufsteigende Feuchtigkeit;5L Gebinde
380020;weber.tec 940 E Horizontalsperre SMK 20L;Injektionsmittel;Silikonmikroemulsion gegen aufsteigende Feuchtigkeit;20L Gebinde
380016;weber.tec 946 Injektionscreme 6x600ml;Injektionsmittel;Hochreaktiv drucklos gegen aufsteigende Feuchtigkeit;6x600ml Schlauch
383025;weber.san 952 Porengrundputz 25kg;Sanierputz;Ausgleichsputz für stark versalzenes Mauerwerk;25kg Sack
383125;weber.san 953 Sanierputz grau 25kg;Sanierputz;Hochwasserdampfdurchlässiger luftporenreicher Sanierputz;25kg Sack
383225;weber.san 954 Sanierputz weiß 25kg;Sanierputz;Hochwasserdampfdurchlässiger luftporenreicher Sanierputz;25kg Sack
383425;weber.tec 934 Wassersperrputz 25kg;Sanierputz;Mineralischer wasserundurchlässiger Sperrputz;25kg Sack
388032.5;weber.rep KB duo Korrosionsschutz 5kg;Betonsanierung;Korrosionsschutz und Haftbrücke für Bewehrungsstahl;5kg Beutel
388032;weber.rep KB duo Korrosionsschutz 20kg;Betonsanierung;Korrosionsschutz und Haftbrücke für Bewehrungsstahl;20kg Sack
388033;weber.rep R4 duo Reparaturmörtel 20kg;Betonsanierung;Reparaturmörtel und Betonfeinspachtel PCC;20kg Sack
387500;weber.tec 796 EP-Beschichtung FG1 12kg;Beschichtung;2-komp. Epoxidharzbeschichtung für Bodenflächen;12kg Eimer
387510;weber.tec 794 EP-Grundierung 10kg;Grundierung;Systemgrundierung für weber.tec 796;10kg Kombigebinde
883005;PAGEL V1/50 Vergussmörtel 25kg;Vergussmörtel;Hochfließfähig nicht schrumpfend 0-5mm Körnung;25kg Sack
883001;PAGEL V1/10 Vergussmörtel 25kg;Vergussmörtel;Hochfließfähig nicht schrumpfend 0-1mm Körnung;25kg Sack
883016;PAGEL V1/160 Vergussmörtel 25kg;Vergussmörtel;Hochfließfähig nicht schrumpfend 0-16mm Körnung;25kg Sack
884005;PAGEL VB10 Blitzverguss 25kg;Vergussmörtel;Extrem frühhochfester Verguss- und Montagemörtel 0-1mm;25kg Sack
884001;PAGEL VB40 Blitzverguss 25kg;Vergussmörtel;Extrem frühhochfester Verguss- und Montagemörtel 0-4mm;25kg Sack
885001;PAGEL V14/10 Unterstopfmörtel 25kg;Vergussmörtel;Hohe Früh- und Endfestigkeit plastisch 0-1mm;25kg Sack
885002;PAGEL V14/40 Unterstopfmörtel 25kg;Vergussmörtel;Hohe Früh- und Endfestigkeit plastisch 0-4mm;25kg Sack
886005;PAGEL V2/10 Schnellverguss 25kg;Vergussmörtel;Nach 2 Stunden belastbar 0-1mm;25kg Sack
886001;PAGEL V2/40 Schnellverguss 25kg;Vergussmörtel;Nach 2 Stunden belastbar 0-4mm;25kg Sack
887005;PAGEL VT10 Turboverguss 25kg;Vergussmörtel;Nach wenigen Minuten Erhärtungsbeginn 0-1mm;25kg Sack
883025;EMCEKRETE SFM thix Spannlochmörtel 25kg;Mörtel;Thixotroper hydraulisch abbindender Spannloch- und Fugenmörtel;25kg Sack
R10103;WATERPROOF X1 Injektionsschlauch;Injektionsschlauch;Mehrfach injezierbarer Injektionsschlauch Ø13mm blau;unkonfektioniert
R30107;BENTOPROOF-INJEKT 20x25 Plus;Injektionsschlauch;Kombiniertes Quellband-Injektionsschlauchsystem 8m konfektioniert;40m Karton
RX101;WATERSTOP RX101 Quellband 20x25mm;Quellband;Bentonit-Quellband stark quellverzögert bis 2 Bar;30m Karton
B2028;SEBflex Dynamic Seal Quellband 20x25mm;Quellband;Quellband wahlweise mit Kleber oder Gitter;30m Karton
P1000;PENTAFLEX KB 167mm 2m Stücke;Fugenblech;Abdichtung von Arbeitsfugen im Betonbau 1,2mm dick;100m Kiste
P1001;PENTAFLEX KB 167mm Rolle;Fugenblech;Abdichtung von Arbeitsfugen im Betonbau 1,2mm dick;25m Rolle
DF241;Innenliegendes Dehnfugenband Typ D 240;Fugenband;DIN 18541 PVC-P-NBR für mittigen Einbau;25m Rolle
DF321;Innenliegendes Dehnfugenband Typ D 320;Fugenband;DIN 18541 PVC-P-NBR für mittigen Einbau;25m Rolle
AF241;Innenliegendes Arbeitsfugenband Typ A 240;Fugenband;DIN 18541 PVC-P-NBR für mittigen Einbau;25m Rolle
AF321;Innenliegendes Arbeitsfugenband Typ A 320;Fugenband;DIN 18541 PVC-P-NBR für mittigen Einbau;25m Rolle
510300;Schalaktivöl Multiform B Classic 200L;Trennmittel;Universell für Kunststoff Blech Holz Großflächenschalung;200L Fass
520040;Schalaktivöl Multiform B Classic 30L;Trennmittel;Universell für Kunststoff Blech Holz Großflächenschalung;30L Kanister
550021;Schalwachs Ortolan Extra 791 11kg;Trennmittel;Lösemittelfreie Trennmittelpaste für glatte Schalungen;11kg Gebinde
653030;Emcoril Protect M lite 30kg;Betonnachbehandlung;Verdunstungsschutz für nicht befahrene Bauteile;30kg Gebinde
653033;Emcoril Protect M 30kg;Betonnachbehandlung;Verdunstungsschutz bei hohen Sommertemperaturen;30kg Gebinde
653031;Emcoril Protect H 30kg;Betonnachbehandlung;Verdunstungsschutz für frisch entschalt Wandflächen;30kg Gebinde
EL3007;CIPOLON-Kantenschutz 7mm dick 30mm breit;Elastomerlager;Hochfestes PES-Gittergewebe beidseitig geschäumt;10m Rolle
EL5500;CALENBERG bi-TRAPEZLAGER 10mm;Elastomerlager;EPDM-Elastomerwerkstoff 67 Shore A 20cm breit;10m Rolle
385005;weber.tec 945 Injektionsharz EP 5kg;Injektionsharz;2-komp. Epoxidharzbasis für trockenen Baugrund;5kg Kombigebinde
386005;weber.tec 944 Injektionsharz PU 5kg;Injektionsharz;1-komp. Polyurethanharzbasis für feuchte Risse;5kg Eimer
DH100065;Ringraumdichtung HSD 100 SSG 18-65mm;Dichteinsatz;MPA geprüft gegen drückendes Wasser bis 1,5 bar;Stück
DH150110;Ringraumdichtung HSD 150 SSG;Dichteinsatz;MPA geprüft gegen drückendes Wasser bis 1,5 bar;Stück
DH200160;Ringraumdichtung HSD 200 SSG;Dichteinsatz;MPA geprüft gegen drückendes Wasser bis 1,5 bar;Stück
DK-KFKG100;KRASO-Flanschrohr Typ KG DN 110;Rohrdurchführung;Nachträglicher Einbau KG/HT Grundleitungen MPA bis 1,5 bar;Stück
DK-KFKG125;KRASO-Flanschrohr Typ KG DN 125;Rohrdurchführung;Nachträglicher Einbau KG/HT Grundleitungen MPA bis 1,5 bar;Stück
DK-KFKG150;KRASO-Flanschrohr Typ KG DN 160;Rohrdurchführung;Nachträglicher Einbau KG/HT Grundleitungen MPA bis 1,5 bar;Stück
DK-KFKG200;KRASO-Flanschrohr Typ KG DN 200;Rohrdurchführung;Nachträglicher Einbau KG/HT Grundleitungen MPA bis 1,5 bar;Stück
DHAT100590;HAUFF-Anschlusstrichter AT 110;Rohrdurchführung;Gas- und wasserdichte Anbindung an Bodenplatten DIN 18533;Stück
DH-3000;MSH PolySafe Wand BHP Mehrsparten;Hauseinführung;Für Kernbohrung 199-203mm max. Wandstärke 500mm;Stück
DH-3002;MSH Basic-FUBO-GK-SR4 3m ohne Keller;Hauseinführung;Mehrsparten-Bauherrenpaket für Gebäude ohne Keller;Stück
DH-4001;Hausausführung ETGAR Bauherrenpaket ohne Keller;Hauseinführung;Komplettset DIN 18533 W1.1-E WU-Beton;Stück
DH-4002;HAW-M ETGAR Bauherrenpaket mit Keller;Hauseinführung;Komplettset DIN 18533 W1.1-E W1.2-E W2.1-E;Stück
